label,Near,Medium,Far
Door,1.0,0.0,0.0
Door_Passed,0.7777777777777778,0.1111111111111111,0.1111111111111111
Wall,1.0,0.0,0.0
