Location,Near,Medium,Far
Door,1.0,0.0,0.0
Door_Passed,0.9069767441860465,0.0,0.09302325581395349
Door_Start,1.0,0.0,0.0
Wall,1.0,0.0,0.0
