{
  "IR1": [
    -1.0,
    1.6666666666666667,
    3.3333333333333335,
    6.0
  ],
  "IR2": [
    -1.0,
    5.0,
    10.0,
    16.0
  ],
  "IR3": [
    -1.0,
    3.0,
    6.0,
    10.0
  ],
  "IR4": [
    -1.0,
    4.666666666666667,
    9.333333333333334,
    15.0
  ],
  "IR5": [
    -1.0,
    8.0,
    16.0,
    25.0
  ],
  "IR6": [
    -1.0,
    20.0,
    40.0,
    61.0
  ],
  "IR7": [
    -1.0,
    255.0,
    510.0,
    766.0
  ]
}